{
  "project_info": {
    "project_number": "754685764614",
    "project_id": "companytask-e3e6a",
    "storage_bucket": "companytask-e3e6a.appspot.com"
  },
  "client": [
    {
      "client_info": {
        "mobilesdk_app_id": "1:754685764614:android:bb63ea1ddd074e58054f87",
        "android_client_info": {
          "package_name": "com.isoftinc.taskproject"
        }
      },
      "oauth_client": [],
      "api_key": [
        {
          "current_key": "AIzaSyCGC7ptmwp36T2GZpxKAuFNwrDxEJJ1lvc"
        }
      ],
      "services": {
        "appinvite_service": {
          "other_platform_oauth_client": []
        }
      }
    }
  ],
  "configuration_version": "1"
}